B4,123456789_curriculum
A2,123456789_curriculum
B4,123456789_curriculum
A2,123456789_curriculum
B4,123456789_curriculum
A2,123456789_curriculum
B4,123456789_curriculum
A2,123456789_curriculum
B4,123456789_curriculum
A2,123456789_curriculum
B4,123456789_curriculum
A2,123456789_curriculum
B4,123456789_curriculum
A2,123456789_curriculum
B4,123456789_curriculum
A2,123456789_curriculum
B4,123456789_curriculum
A2,123456789_curriculum
B4,123456789_curriculum
A2,123456789_curriculum
B4,123456789_curriculum
A2,123456789_curriculum
B4,123456789_curriculum
A2,123456789_curriculum
B4,123456789_curriculum
A2,123456789_curriculum
